{
  "a": 0.006289796767971062,
  "b": 0.6694446808197132,
  "sigma": 0.006730838366073782,
  "eta": 0.015598118406976565,
  "rho": 0.8007422050272486,
  "final_error": 0.00031270775058828376,
  "nit": 50
}