{
  "par_full": {
    "1": 0.03649,
    "2": 0.03395,
    "3": 0.03335,
    "4": 0.03336768395114284,
    "5": 0.03358,
    "6": 0.033995501932019126,
    "7": 0.03452,
    "8": 0.035052925435947443,
    "9": 0.03557093692133421,
    "10": 0.036070000000000005,
    "11": 0.03654576114916935,
    "12": 0.036992590579605744,
    "13": 0.03740453943545746,
    "14": 0.03777565886087279,
    "15": 0.0381,
    "16": 0.03837319133009754,
    "17": 0.038597170660864544,
    "18": 0.038775453135110355,
    "19": 0.03891155389564428,
    "20": 0.03900898808527566,
    "21": 0.039071270846813805,
    "22": 0.039101917323068044,
    "23": 0.03910444265684769,
    "24": 0.03908236199096208,
    "25": 0.039039190468220526,
    "26": 0.038978443231432354,
    "27": 0.0389036354234069,
    "28": 0.038818282186953476,
    "29": 0.038725898664881395,
    "30": 0.03863
  },
  "P_year": {
    "1": 0.9641638309051358,
    "2": 0.9350225004640283,
    "3": 0.9056778887853851,
    "4": 0.8761544210500146,
    "5": 0.8466865445441196,
    "6": 0.8167648678359614,
    "7": 0.7865263392194166,
    "8": 0.756454217163785,
    "9": 0.7267414840190132,
    "10": 0.697487010782573,
    "11": 0.6687949784134701,
    "12": 0.6407844460857929,
    "13": 0.6135818064696443,
    "14": 0.5873166392503708,
    "15": 0.5621200901675896,
    "16": 0.5381048827078978,
    "17": 0.5153029407873362,
    "18": 0.49371406492433034,
    "19": 0.473324022306384,
    "20": 0.4541065829609145,
    "21": 0.43602517370884347,
    "22": 0.419034346142394,
    "23": 0.4030810931478796,
    "24": 0.3881060207071903,
    "25": 0.3740443825110515,
    "26": 0.3608269868034524,
    "27": 0.34838098606206513,
    "28": 0.33663056099908567,
    "29": 0.325497510900115,
    "30": 0.3149017626004453
  }
}