{
  "par_full": {
    "1": 0.03649,
    "2": 0.03395,
    "3": 0.03335,
    "4": 0.03336768395114284,
    "5": 0.03358,
    "6": 0.033995501932019126,
    "7": 0.03452,
    "8": 0.035052925435947443,
    "9": 0.03557093692133421,
    "10": 0.036070000000000005,
    "11": 0.03654576114916935,
    "12": 0.036992590579605744,
    "13": 0.03740453943545746,
    "14": 0.03777565886087279,
    "15": 0.0381,
    "16": 0.03837319133009754,
    "17": 0.038597170660864544,
    "18": 0.038775453135110355,
    "19": 0.03891155389564428,
    "20": 0.03900898808527566,
    "21": 0.039071270846813805,
    "22": 0.039101917323068044,
    "23": 0.03910444265684769,
    "24": 0.03908236199096208,
    "25": 0.039039190468220526,
    "26": 0.038978443231432354,
    "27": 0.0389036354234069,
    "28": 0.038818282186953476,
    "29": 0.038725898664881395,
    "30": 0.03863
  },
  "P_year": {
    "1": 0.9647946434601395,
    "2": 0.9354854894864628,
    "3": 0.9063973073655884,
    "4": 0.877081496058969,
    "5": 0.847829268094058,
    "6": 0.8181335246230163,
    "7": 0.7881216466688649,
    "8": 0.7582710164134806,
    "9": 0.7287755218367287,
    "10": 0.6997309262904594,
    "11": 0.6712394389049573,
    "12": 0.6434181206706471,
    "13": 0.616391394730702,
    "14": 0.5902868420730651,
    "15": 0.5652336500747529,
    "16": 0.5413431476425926,
    "17": 0.5186476936580049,
    "18": 0.49714719294830917,
    "19": 0.47682807236421104,
    "20": 0.45766500569245183,
    "21": 0.4396224901976827,
    "22": 0.42265627414395013,
    "23": 0.4067146380946739,
    "24": 0.3917395355342626,
    "25": 0.3776676004852438,
    "26": 0.36443103139978583,
    "27": 0.3519583617664331,
    "28": 0.3401751286674919,
    "29": 0.3290044510176318,
    "30": 0.3183675294692189
  }
}